>P3-C1,ACCTCCTGCGGCATTTAGAACCGATCTCGCACTCGGAGGCCCAGAGTGTTTGACTCGTCCGGTACGTACTTTGCCTGGTAGAAATCGGTAACCGAAgcagtgTGAGTCCGGAAGACGAGATCCAGCAACTGGAAGAAGAGATCGCGCAGCTGGAACAGAAGAATGCGGCGCTGAAGGAGAAGAATCAAGCACTGAAATATGGTCCAGAgagaccTGGCTGAATCGCGCT
>P4-C1,ACCTCCTGCGGCATTTAGAACCGATCTCGCACTCGGAGGCCCAGAGTGTTTGACTCGTCCGGTACGTACTTTGCCTGGTAGAAATCGGTAACCGAAgcagtgTGAGCCCGGAAGACAAGATTGCACAGCTGAAACAGAAGATTCAGGCGCTGAAACAGGAGAATCAGCAGCTGGAAGAAGAGAACGCGGCCCTGGAGTACGGCCCAGAgagaccTGGCTGAATCGCGCT
>P5-C1,ACCTCCTGCGGCATTTAGAACCGATCTCGCACTCGGAGGCCCAGAGTGTTTGACTCGTCCGGTACGTACTTTGCCTGGTAGAAATCGGTAACCGAAgcagtgTGAGCCCGGAAGACGAGAATGCAGCGCTGGAGGAGAAGATTGCGCAGCTGAAACAGAAGAACGCGGCGCTGAAAGAGGAAATTCAAGCGCTGGAGTATGGTCCAGAgagaccTGGCTGAATCGCGCT
>P6-C1,ACCTCCTGCGGCATTTAGAACCGATCTCGCACTCGGAGGCCCAGAGTGTTTGACTCGTCCGGTACGTACTTTGCCTGGTAGAAATCGGTAACCGAAgcagtgTGAGTCCGGAAGATAAGAACGCAGCGCTGAAAGAGGAGATTCAGGCACTGGAAGAAGAGAATCAGGCTCTGGAAGAGAAGATCGCCCAGCTGAAGTACGGCCCAGAgagaccTGGCTGAATCGCGCT
>P7-C1,ACCTCCTGCGGCATTTAGAACCGATCTCGCACTCGGAGGCCCAGAGTGTTTGACTCGTCCGGTACGTACTTTGCCTGGTAGAAATCGGTAACCGAAgcagtgTGAGCCCGGAAGACGAAATTCAGGCTCTGGAGGAGAAGAACGCCCAGCTGAAGCAGGAGATTGCTGCGCTGGAGGAGAAGAACCAGGCGCTGAAATACGGTCCAGAgagaccTGGCTGAATCGCGCT
>P8-C1,ACCTCCTGCGGCATTTAGAACCGATCTCGCACTCGGAGGCCCAGAGTGTTTGACTCGTCCGGTACGTACTTTGCCTGGTAGAAATCGGTAACCGAAgcagtgTGTCGCCAGAAGACAAGATCGCGCAGCTGAAGGAGGAGAACCAGCAGCTGGAGCAGAAGATTCAGGCACTGAAAGAAGAGAACGCGGCGCTGGAATACGGCCCAGAgagaccTGGCTGAATCGCGCT
>P9-C1,ACCTCCTGCGGCATTTGACTCCACAGATAGAACCGATCTCGCACTCGGAGGCCCAGAGTGTTTGACTCGTCCGGTACGTACTTTGCCTGGTAGAAATCGGTAACCGAAgcagtgTGGAGAATCAGGCTCTGGAGCAGAAGAATGCCCAGCTGAAACAGGAGATCGCTGCCCTGGAGCAAGAAATTGCCCAACTGGAATACGGTCCAGAgagaccTGGCTGAATCGCGCT
>P10-C1,ACCTCCTGCGGCATTTGACTCCACAGATAGAACCGATCTCGCACTCGGAGGCCCAGAGTGTTTGACTCGTCCGGTACGTACTTTGCCTGGTAGAAATCGGTAACCGAAgcagtgTGAAGAACGCCCAACTGAAAGAAGAGAACGCAGCGCTGGAGGAGAAGATCCAGCAACTGAAGGAGAAGATCCAAGCGCTGAAATACGGCCCAGAgagaccTGGCTGAATCGCGCT
>P11-C1,ACCTCCTGCGGCATTTGACTCCACAGATAGAACCGATCTCGCACTCGGAGGCCCAGAGTGTTTGACTCGTCCGGTACGTACTTTGCCTGGTAGAAATCGGTAACCGAAgcagtgTGGAGAATCAAGCCCTGGAACAAGAGATTGCACAGCTGGAACAAGAAATTGCCGCACTGGAGCAGAAGAATGCTCAACTGAAATATGGCCCAGAgagaccTGGCTGAATCGCGCT
>P12-C1,ACCTCCTGCGGCATTTGACTCCACAGATAGAACCGATCTCGCACTCGGAGGCCCAGAGTGTTTGACTCGTCCGGTACGTACTTTGCCTGGTAGAAATCGGTAACCGAAgcagtgTGAAGAATGCGCAACTGAAAGAGAAGATCGCCGCGCTGAAAGAGAAGATTCAGCAGCTGAAAGAGGAGAATCAAGCGCTGGAATATGGTCCAGAgagaccTGGCTGAATCGCGCT
>P3mS-C1,ACCTCCTGCGGCATTTGACTCCACAGATAGAACCGATCTCGCACTCGGAGGCCCAGAGTGTTTGACTCGTCCGGTACGTACTTTGCCTGGTAGAAATCGGTAACCGAAgcagtgTGGAAATCCAGCAACTGGAGGAGGAAATTTCGCAGCTGGAGCAGAAGAACTCGCAACTGAAAGAGAAGAACCAGCAACTGAAATACGGTCCAGAgagaccTGGCTGAATCGCGCT
>P4mS-C1,ACCTCCTGCGGCATTTGACTCCACAGATAGAACCGATCTCGCACTCGGAGGCCCAGAGTGTTTGACTCGTCCGGTACGTACTTTGCCTGGTAGAAATCGGTAACCGAAgcagtgTGAAGATCAGCCAACTGAAACAGAAGATCCAGCAACTGAAACAGGAGAATCAGCAGCTGGAGGAAGAAAATTCGCAGCTGGAGTACGGCCCAGAgagaccTGGCTGAATCGCGCT
>P5mS-C1,ACCTCCTGCGGCATTTGACTCCACAGATAGAACCGATCTCGCACTCGGAGGCCCAGAGTGTTTGACTCGTCCGGTACGTACTTTGCCTGGTAGAAATCGGTAACCGAAgcagtgTGGAAAATTCGCAGCTGGAAGAGAAGATCAGCCAGCTGAAACAGAAGAATAGCCAACTGAAAGAAGAGATTCAGCAGCTGGAATATGGTCCAGAgagaccTGGCTGAATCGCGCT
>P6mS-C1,ACCTCCTGCGGCATTTGACTCCACAGATAGAACCGATCTCGCACTCGGAGGCCCAGAGTGTTTGACTCGTCCGGTACGTACTTTGCCTGGTAGAAATCGGTAACCGAAgcagtgTGAAAAATTCGCAGCTGAAAGAGGAAATTCAACAGCTGGAGGAAGAGAACCAGCAACTGGAAGAGAAGATTTCGCAACTGAAGTATGGTCCAGAgagaccTGGCTGAATCGCGCT
>P7mS-C1,ACCTCCTGCGGCATTTGACTCCACAGATAGAACCGATCTCGCACTCGGAGGCCCAGAGTGTTTGACTCGTCCGGTACGTACTTTGCCTGGTAGAAATCGGTAACCGAAgcagtgTGGAAATTCAGAGCCTGGAGGAGAAGAACTCGCAGCTGAAGCAGGAGATTTCGCAGCTGGAAGAGAAGAACCAGCAGCTGAAATACGGCCCAGAgagaccTGGCTGAATCGCGCT
>P8mS-C1,ACCTCCTGCGGCATTTGACTCCACAGATAGAACCGATCTCGCACTCGGAGGCCCAGAGTGTTTGACTCGTCCGGTACGTACTTTGCCTGGTAGAAATCGGTAACCGAAgcagtgTGAAGATTAGTCAGCTGAAAGAAGAGAATCAGCAACTGGAGCAGAAGATTCAGCAGCTGAAAGAAGAGAACAGCCAGCTGGAGTATGGTCCAGAgagaccTGGCTGAATCGCGCT
>P5SC1-C1,ACCTCCTGCGGCATTCTCCACAGATAGAACCGATCTCGCACTCGGAGGCCCAGAGTGTTTGACTCGTCCGGTACGTACTTTGCCTGGTAGAAATCGGTAACCGAAgcagtgTGGAGAACAGTCAGCTGGAAGAGAAGATTAGCCAGCTGAAGCAGAAGAACTCGCGTCTGAAAGAAGAAATTGCACGTCTGGAGTACGGTTGTCCAGAgagaccTGGCTGAATCGCGCT
>P6SC1-C1,ACCTCCTGCGGCATTCTCCACAGATAGAACCGATCTCGCACTCGGAGGCCCAGAGTGTTTGACTCGTCCGGTACGTACTTTGCCTGGTAGAAATCGGTAACCGAAgcagtgTGAAGAATAGCCAGCTGAAAGAGGAAATCCAGCAACTGGAGGAGGAGAATCAGCAACTGGAAGAGAAGATTCGTCAGCTGAAATATGGTTGCCCAGAgagaccTGGCTGAATCGCGCT
>P5SC2-C1,ACCTCCTGCGGCATTCTCCACAGATAGAACCGATCTCGCACTCGGAGGCCCAGAGTGTTTGACTCGTCCGGTACGTACTTTGCCTGGTAGAAATCGGTAACCGAAgcagtgTGGAGAACGCACGTCTGGAAGAGAAGATCCGTCAGCTGAAACAGAAGAACAGCCAACTGAAAGAAGAAATTCAGCAGCTGGAGTACGGTTGTCCAGAgagaccTGGCTGAATCGCGCT
>P6SC2-C1,ACCTCCTGCGGCATTCTCCACAGATAGAACCGATCTCGCACTCGGAGGCCCAGAGTGTTTGACTCGTCCGGTACGTACTTTGCCTGGTAGAAATCGGTAACCGAAgcagtgTGAAGAACGAGCGTCTGAAAGAGGAGATCCAACGCCTGGAACAGGAGAATCAGCAGCTGGAGGAGAAGATTAGCCAACTGAAGTATGGTTGCCCAGAgagaccTGGCTGAATCGCGCT
>GCN4-C1,ACCTCCTGCGGCATTTAGAACCGATCTCGCACTCGGAGGCCCAGAGTGTTTGACTCGTCCGGTACGTACTTTGCCTGGTAGAAATCGGTAACCGAAgcagtgTGcgcatgaaacagctggaagataaagtggaagaactgctgagcaaaaactatcatctggaaaacgaagtggcacgcctgaaaaaactggtgggcgaacgcCCAGAgagaccTGGCTGAATCGCGCT
>P3-C2,GACGTGCGGAGGTGATAGAACCGATCTCGCACTCGGAGGCCCAGAGTGTTTGACTCGTCCGGTACGTACTTTGCCTGGTAGAAATCGGTAACCGAAgcagtgTGAGCCCTGAAGACGAGATTCAACAGCTGGAAGAAGAAATTGCTCAGCTGGAGCAGAAGAACGCGGCACTGAAAGAGAAGAATCAAGCCCTGAAATATGGTCCAGAgagaccTGTGCTCGTGGTGGA
>P4-C2,GACGTGCGGAGGTGATAGAACCGATCTCGCACTCGGAGGCCCAGAGTGTTTGACTCGTCCGGTACGTACTTTGCCTGGTAGAAATCGGTAACCGAAgcagtgTGAGCCCGGAAGATAAGATCGCTCAGCTGAAACAGAAGATTCAGGCTCTGAAACAGGAGAACCAGCAACTGGAAGAAGAGAATGCGGCCCTGGAATATGGTCCAGAgagaccTGTGCTCGTGGTGGA
>P5-C2,GACGTGCGGAGGTGATAGAACCGATCTCGCACTCGGAGGCCCAGAGTGTTTGACTCGTCCGGTACGTACTTTGCCTGGTAGAAATCGGTAACCGAAgcagtgTGAGCCCAGAGGACGAGAACGCGGCGCTGGAAGAGAAGATCGCGCAGCTGAAACAGAAGAACGCTGCCCTGAAGGAAGAAATCCAGGCACTGGAATATGGTCCAGAgagaccTGTGCTCGTGGTGGA
>P6-C2,GACGTGCGGAGGTGATAGAACCGATCTCGCACTCGGAGGCCCAGAGTGTTTGACTCGTCCGGTACGTACTTTGCCTGGTAGAAATCGGTAACCGAAgcagtgTGAGTCCGGAAGATAAGAACGCAGCGCTGAAAGAGGAAATCCAGGCCCTGGAAGAAGAGAATCAAGCCCTGGAAGAGAAGATCGCACAACTGAAATACGGTCCAGAgagaccTGTGCTCGTGGTGGA
>P7-C2,GACGTGCGGAGGTGATAGAACCGATCTCGCACTCGGAGGCCCAGAGTGTTTGACTCGTCCGGTACGTACTTTGCCTGGTAGAAATCGGTAACCGAAgcagtgTGTCGCCGGAAGACGAAATTCAAGCGCTGGAAGAGAAGAACGCGCAGCTGAAACAAGAGATTGCGGCCCTGGAAGAGAAGAATCAGGCCCTGAAATATGGTCCAGAgagaccTGTGCTCGTGGTGGA
>P8-C2,GACGTGCGGAGGTGATAGAACCGATCTCGCACTCGGAGGCCCAGAGTGTTTGACTCGTCCGGTACGTACTTTGCCTGGTAGAAATCGGTAACCGAAgcagtgTGAGCCCGGAGGACAAGATCGCCCAACTGAAAGAGGAGAACCAGCAGCTGGAACAGAAGATCCAAGCTCTGAAAGAAGAGAATGCGGCTCTGGAGTATGGTCCAGAgagaccTGTGCTCGTGGTGGA
>P9-C2,GACGTGCGGAGGTGATGACTCCACAGATAGAACCGATCTCGCACTCGGAGGCCCAGAGTGTTTGACTCGTCCGGTACGTACTTTGCCTGGTAGAAATCGGTAACCGAAgcagtgTGGAGAACCAGGCTCTGGAACAGAAGAATGCACAGCTGAAGCAAGAGATCGCGGCGCTGGAGCAGGAAATCGCACAGCTGGAATATGGTCCAGAgagaccTGTGCTCGTGGTGGA
>P10-C2,GACGTGCGGAGGTGATGACTCCACAGATAGAACCGATCTCGCACTCGGAGGCCCAGAGTGTTTGACTCGTCCGGTACGTACTTTGCCTGGTAGAAATCGGTAACCGAAgcagtgTGAAGAACGCGCAACTGAAAGAAGAGAATGCGGCCCTGGAAGAGAAGATTCAACAACTGAAAGAGAAGATCCAAGCCCTGAAATACGGCCCAGAgagaccTGTGCTCGTGGTGGA
>P11-C2,GACGTGCGGAGGTGATGACTCCACAGATAGAACCGATCTCGCACTCGGAGGCCCAGAGTGTTTGACTCGTCCGGTACGTACTTTGCCTGGTAGAAATCGGTAACCGAAgcagtgTGGAGAACCAAGCACTGGAGCAGGAGATCGCCCAACTGGAACAGGAAATCGCGGCGCTGGAGCAGAAGAACGCTCAACTGAAATATGGTCCAGAgagaccTGTGCTCGTGGTGGA
>P12-C2,GACGTGCGGAGGTGATGACTCCACAGATAGAACCGATCTCGCACTCGGAGGCCCAGAGTGTTTGACTCGTCCGGTACGTACTTTGCCTGGTAGAAATCGGTAACCGAAgcagtgTGAAGAATGCGCAACTGAAAGAGAAGATTGCCGCGCTGAAAGAGAAGATCCAGCAGCTGAAAGAAGAGAACCAAGCACTGGAATATGGCCCAGAgagaccTGTGCTCGTGGTGGA
>P3mS-C2,GACGTGCGGAGGTGATGACTCCACAGATAGAACCGATCTCGCACTCGGAGGCCCAGAGTGTTTGACTCGTCCGGTACGTACTTTGCCTGGTAGAAATCGGTAACCGAAgcagtgTGGAAATTCAGCAGCTGGAGGAGGAAATTAGCCAGCTGGAGCAGAAGAATAGCCAACTGAAAGAGAAGAATCAACAACTGAAATACGGCCCAGAgagaccTGTGCTCGTGGTGGA
>P4mS-C2,GACGTGCGGAGGTGATGACTCCACAGATAGAACCGATCTCGCACTCGGAGGCCCAGAGTGTTTGACTCGTCCGGTACGTACTTTGCCTGGTAGAAATCGGTAACCGAAgcagtgTGAAGATTTCGCAACTGAAACAGAAGATTCAACAGCTGAAGCAAGAGAACCAGCAGCTGGAAGAAGAGAACTCGCAACTGGAGTACGGCCCAGAgagaccTGTGCTCGTGGTGGA
>P5mS-C2,GACGTGCGGAGGTGATGACTCCACAGATAGAACCGATCTCGCACTCGGAGGCCCAGAGTGTTTGACTCGTCCGGTACGTACTTTGCCTGGTAGAAATCGGTAACCGAAgcagtgTGGAGAACAGCCAGCTGGAGGAGAAGATCAGCCAGCTGAAACAGAAGAACAGTCAGCTGAAAGAGGAGATCCAGCAACTGGAGTACGGTCCAGAgagaccTGTGCTCGTGGTGGA
>P6mS-C2,GACGTGCGGAGGTGATGACTCCACAGATAGAACCGATCTCGCACTCGGAGGCCCAGAGTGTTTGACTCGTCCGGTACGTACTTTGCCTGGTAGAAATCGGTAACCGAAgcagtgTGAAGAACAGCCAACTGAAAGAAGAAATTCAACAGCTGGAAGAAGAGAACCAACAGCTGGAAGAGAAGATCTCGCAGCTGAAATATGGCCCAGAgagaccTGTGCTCGTGGTGGA
>P7mS-C2,GACGTGCGGAGGTGATGACTCCACAGATAGAACCGATCTCGCACTCGGAGGCCCAGAGTGTTTGACTCGTCCGGTACGTACTTTGCCTGGTAGAAATCGGTAACCGAAgcagtgTGGAAATCCAAAGTCTGGAAGAGAAAAATTCGCAACTGAAACAGGAGATTTCGCAGCTGGAGGAGAAGAATCAACAGCTGAAATACGGCCCAGAgagaccTGTGCTCGTGGTGGA
>P8mS-C2,GACGTGCGGAGGTGATGACTCCACAGATAGAACCGATCTCGCACTCGGAGGCCCAGAGTGTTTGACTCGTCCGGTACGTACTTTGCCTGGTAGAAATCGGTAACCGAAgcagtgTGAAGATTAGCCAGCTGAAAGAAGAGAATCAGCAACTGGAACAGAAGATCCAGCAGCTGAAGGAGGAGAACAGCCAGCTGGAATACGGTCCAGAgagaccTGTGCTCGTGGTGGA
>P5SC1-C2,GACGTGCGGAGGTGACTCCACAGATAGAACCGATCTCGCACTCGGAGGCCCAGAGTGTTTGACTCGTCCGGTACGTACTTTGCCTGGTAGAAATCGGTAACCGAAgcagtgTGGAGAATAGCCAGCTGGAGGAGAAGATTAGCCAACTGAAACAGAAGAATAGTCGTCTGAAGGAGGAAATCGCACGCCTGGAATATGGCTGTCCAGAgagaccTGTGCTCGTGGTGGA
>P6SC1-C2,GACGTGCGGAGGTGACTCCACAGATAGAACCGATCTCGCACTCGGAGGCCCAGAGTGTTTGACTCGTCCGGTACGTACTTTGCCTGGTAGAAATCGGTAACCGAAgcagtgTGAAGAACAGCCAGCTGAAGGAAGAGATTCAGCAACTGGAAGAAGAGAACCAGCAGCTGGAAGAGAAGATTCGCCAGCTGAAATATGGCTGCCCAGAgagaccTGTGCTCGTGGTGGA
>P5SC2-C2,GACGTGCGGAGGTGACTCCACAGATAGAACCGATCTCGCACTCGGAGGCCCAGAGTGTTTGACTCGTCCGGTACGTACTTTGCCTGGTAGAAATCGGTAACCGAAgcagtgTGGAGAATGCCCGCCTGGAAGAGAAGATCCGTCAACTGAAGCAGAAGAATAGCCAGCTGAAGGAAGAAATTCAGCAACTGGAATATGGTTGCCCAGAgagaccTGTGCTCGTGGTGGA
>P6SC2-C2,GACGTGCGGAGGTGACTCCACAGATAGAACCGATCTCGCACTCGGAGGCCCAGAGTGTTTGACTCGTCCGGTACGTACTTTGCCTGGTAGAAATCGGTAACCGAAgcagtgTGAAGAATGAGCGCCTGAAAGAAGAAATCCAACGCCTGGAACAGGAGAACCAGCAGCTGGAAGAGAAGATTAGCCAGCTGAAGTACGGCTGTCCAGAgagaccTGTGCTCGTGGTGGA
>GCN4-C2,GACGTGCGGAGGTGATAGAACCGATCTCGCACTCGGAGGCCCAGAGTGTTTGACTCGTCCGGTACGTACTTTGCCTGGTAGAAATCGGTAACCGAAgcagtgTGcgcatgaaacagctggaagataaagtggaagaactgctgagcaaaaactatcatctggaaaacgaagtggcacgcctgaaaaaactggtgggcgaacgcCCAGAgagaccTGTGCTCGTGGTGGA
>P3-C3,ACGCCTGTGTCTGGTTAGAACCGATCTCGCACTCGGAGGCCCAGAGTGTTTGACTCGTCCGGTACGTACTTTGCCTGGTAGAAATCGGTAACCGAAgcagtgTGAGCCCGGAAGATGAGATTCAGCAGCTGGAAGAGGAGATTGCGCAACTGGAACAGAAGAACGCTGCCCTGAAGGAGAAGAACCAGGCGCTGAAATACGGTCCAGAgagaccGGCTGCGACGGTCTT
>P4-C3,ACGCCTGTGTCTGGTTAGAACCGATCTCGCACTCGGAGGCCCAGAGTGTTTGACTCGTCCGGTACGTACTTTGCCTGGTAGAAATCGGTAACCGAAgcagtgTGAGCCCTGAAGACAAGATCGCCCAGCTGAAGCAGAAGATTCAGGCACTGAAACAGGAGAACCAACAGCTGGAGGAAGAGAACGCGGCACTGGAATATGGCCCAGAgagaccGGCTGCGACGGTCTT
>P5-C3,ACGCCTGTGTCTGGTTAGAACCGATCTCGCACTCGGAGGCCCAGAGTGTTTGACTCGTCCGGTACGTACTTTGCCTGGTAGAAATCGGTAACCGAAgcagtgTGAGCCCGGAAGATGAGAATGCTGCTCTGGAAGAGAAGATTGCCCAGCTGAAACAGAAGAACGCGGCGCTGAAAGAAGAAATTCAAGCCCTGGAATATGGTCCAGAgagaccGGCTGCGACGGTCTT
>P6-C3,ACGCCTGTGTCTGGTTAGAACCGATCTCGCACTCGGAGGCCCAGAGTGTTTGACTCGTCCGGTACGTACTTTGCCTGGTAGAAATCGGTAACCGAAgcagtgTGTCGCCGGAGGATAAGAATGCGGCGCTGAAGGAGGAGATTCAGGCGCTGGAAGAGGAGAACCAAGCACTGGAGGAGAAGATTGCACAGCTGAAGTATGGTCCAGAgagaccGGCTGCGACGGTCTT
>P7-C3,ACGCCTGTGTCTGGTTAGAACCGATCTCGCACTCGGAGGCCCAGAGTGTTTGACTCGTCCGGTACGTACTTTGCCTGGTAGAAATCGGTAACCGAAgcagtgTGAGTCCGGAAGATGAGATCCAGGCACTGGAAGAGAAGAACGCGCAGCTGAAACAGGAGATTGCCGCGCTGGAAGAGAAGAACCAGGCCCTGAAATATGGCCCAGAgagaccGGCTGCGACGGTCTT
>P8-C3,ACGCCTGTGTCTGGTTAGAACCGATCTCGCACTCGGAGGCCCAGAGTGTTTGACTCGTCCGGTACGTACTTTGCCTGGTAGAAATCGGTAACCGAAgcagtgTGAGCCCGGAAGATAAGATCGCACAGCTGAAAGAAGAGAATCAGCAACTGGAACAGAAGATTCAGGCACTGAAAGAAGAGAACGCCGCCCTGGAATATGGCCCAGAgagaccGGCTGCGACGGTCTT
>P9-C3,ACGCCTGTGTCTGGTTGACTCCACAGATAGAACCGATCTCGCACTCGGAGGCCCAGAGTGTTTGACTCGTCCGGTACGTACTTTGCCTGGTAGAAATCGGTAACCGAAgcagtgTGGAGAATCAGGCGCTGGAGCAGAAGAATGCGCAACTGAAACAAGAGATTGCGGCGCTGGAGCAAGAAATTGCGCAGCTGGAGTATGGCCCAGAgagaccGGCTGCGACGGTCTT
>P10-C3,ACGCCTGTGTCTGGTTGACTCCACAGATAGAACCGATCTCGCACTCGGAGGCCCAGAGTGTTTGACTCGTCCGGTACGTACTTTGCCTGGTAGAAATCGGTAACCGAAgcagtgTGAAGAACGCCCAGCTGAAAGAAGAGAACGCCGCTCTGGAAGAGAAGATTCAACAGCTGAAAGAGAAGATCCAGGCGCTGAAATACGGCCCAGAgagaccGGCTGCGACGGTCTT
>P11-C3,ACGCCTGTGTCTGGTTGACTCCACAGATAGAACCGATCTCGCACTCGGAGGCCCAGAGTGTTTGACTCGTCCGGTACGTACTTTGCCTGGTAGAAATCGGTAACCGAAgcagtgTGGAGAACCAAGCGCTGGAACAGGAAATCGCTCAGCTGGAGCAGGAAATTGCCGCCCTGGAACAGAAGAACGCTCAACTGAAATACGGCCCAGAgagaccGGCTGCGACGGTCTT
>P12-C3,ACGCCTGTGTCTGGTTGACTCCACAGATAGAACCGATCTCGCACTCGGAGGCCCAGAGTGTTTGACTCGTCCGGTACGTACTTTGCCTGGTAGAAATCGGTAACCGAAgcagtgTGAAGAACGCACAACTGAAAGAGAAGATCGCTGCGCTGAAGGAGAAGATCCAGCAGCTGAAAGAAGAGAACCAGGCGCTGGAATATGGTCCAGAgagaccGGCTGCGACGGTCTT
>P3mS-C3,ACGCCTGTGTCTGGTTGACTCCACAGATAGAACCGATCTCGCACTCGGAGGCCCAGAGTGTTTGACTCGTCCGGTACGTACTTTGCCTGGTAGAAATCGGTAACCGAAgcagtgTGGAAATTCAGCAGCTGGAAGAAGAGATTAGCCAACTGGAACAGAAGAACTCGCAGCTGAAAGAGAAGAACCAACAACTGAAATATGGTCCAGAgagaccGGCTGCGACGGTCTT
>P4mS-C3,ACGCCTGTGTCTGGTTGACTCCACAGATAGAACCGATCTCGCACTCGGAGGCCCAGAGTGTTTGACTCGTCCGGTACGTACTTTGCCTGGTAGAAATCGGTAACCGAAgcagtgTGAAGATTAGCCAGCTGAAACAGAAGATCCAGCAACTGAAGCAGGAGAATCAACAGCTGGAAGAAGAAAATTCGCAACTGGAATACGGCCCAGAgagaccGGCTGCGACGGTCTT
>P5mS-C3,ACGCCTGTGTCTGGTTGACTCCACAGATAGAACCGATCTCGCACTCGGAGGCCCAGAGTGTTTGACTCGTCCGGTACGTACTTTGCCTGGTAGAAATCGGTAACCGAAgcagtgTGGAGAATAGTCAACTGGAGGAGAAGATCAGCCAACTGAAACAGAAGAACAGCCAACTGAAAGAAGAGATCCAACAGCTGGAGTACGGCCCAGAgagaccGGCTGCGACGGTCTT
>P6mS-C3,ACGCCTGTGTCTGGTTGACTCCACAGATAGAACCGATCTCGCACTCGGAGGCCCAGAGTGTTTGACTCGTCCGGTACGTACTTTGCCTGGTAGAAATCGGTAACCGAAgcagtgTGAAGAATAGCCAGCTGAAAGAAGAAATCCAGCAACTGGAAGAAGAGAACCAGCAGCTGGAAGAGAAGATCTCGCAGCTGAAATACGGTCCAGAgagaccGGCTGCGACGGTCTT
>P7mS-C3,ACGCCTGTGTCTGGTTGACTCCACAGATAGAACCGATCTCGCACTCGGAGGCCCAGAGTGTTTGACTCGTCCGGTACGTACTTTGCCTGGTAGAAATCGGTAACCGAAgcagtgTGGAAATCCAAAGCCTGGAAGAGAAGAACAGTCAGCTGAAACAAGAGATTAGCCAGCTGGAGGAGAAGAATCAACAGCTGAAGTATGGTCCAGAgagaccGGCTGCGACGGTCTT
>P8mS-C3,ACGCCTGTGTCTGGTTGACTCCACAGATAGAACCGATCTCGCACTCGGAGGCCCAGAGTGTTTGACTCGTCCGGTACGTACTTTGCCTGGTAGAAATCGGTAACCGAAgcagtgTGAAGATCTCGCAACTGAAAGAAGAGAATCAGCAACTGGAACAGAAGATTCAACAGCTGAAAGAAGAGAACAGCCAACTGGAGTATGGCCCAGAgagaccGGCTGCGACGGTCTT
>P5SC1-C3,ACGCCTGTGTCTGGTCTCCACAGATAGAACCGATCTCGCACTCGGAGGCCCAGAGTGTTTGACTCGTCCGGTACGTACTTTGCCTGGTAGAAATCGGTAACCGAAgcagtgTGGAGAATAGCCAGCTGGAAGAGAAGATTAGCCAACTGAAACAGAAGAACAGTCGCCTGAAAGAAGAAATTGCTCGCCTGGAATATGGTTGTCCAGAgagaccGGCTGCGACGGTCTT
>P6SC1-C3,ACGCCTGTGTCTGGTCTCCACAGATAGAACCGATCTCGCACTCGGAGGCCCAGAGTGTTTGACTCGTCCGGTACGTACTTTGCCTGGTAGAAATCGGTAACCGAAgcagtgTGAAGAACTCGCAGCTGAAAGAAGAGATTCAACAACTGGAGGAAGAGAATCAACAACTGGAAGAGAAGATCCGTCAGCTGAAATACGGTTGTCCAGAgagaccGGCTGCGACGGTCTT
>P5SC2-C3,ACGCCTGTGTCTGGTCTCCACAGATAGAACCGATCTCGCACTCGGAGGCCCAGAGTGTTTGACTCGTCCGGTACGTACTTTGCCTGGTAGAAATCGGTAACCGAAgcagtgTGGAGAACGCGCGCCTGGAGGAGAAGATTCGCCAACTGAAGCAGAAAAATTCGCAGCTGAAAGAGGAAATTCAGCAGCTGGAATACGGCTGTCCAGAgagaccGGCTGCGACGGTCTT
>P6SC2-C3,ACGCCTGTGTCTGGTCTCCACAGATAGAACCGATCTCGCACTCGGAGGCCCAGAGTGTTTGACTCGTCCGGTACGTACTTTGCCTGGTAGAAATCGGTAACCGAAgcagtgTGAAGAACGAGCGTCTGAAAGAGGAGATCCAGCGTCTGGAACAGGAGAACCAGCAGCTGGAGGAGAAGATCAGCCAGCTGAAATACGGCTGTCCAGAgagaccGGCTGCGACGGTCTT
>GCN4-C3,ACGCCTGTGTCTGGTTAGAACCGATCTCGCACTCGGAGGCCCAGAGTGTTTGACTCGTCCGGTACGTACTTTGCCTGGTAGAAATCGGTAACCGAAgcagtgTGcgcatgaaacagctggaagataaagtggaagaactgctgagcaaaaactatcatctggaaaacgaagtggcacgcctgaaaaaactggtgggcgaacgcCCAGAgagaccGGCTGCGACGGTCTT