DEIAALEAEIAALEAEIAALEAEIAALEG,"['P1-aA-12Haa-I', 'core_IIII-es_EEEE']"
DEIAALEAEIAALEAENAALEAEIAALEG,"['P1-aA-1Haa-I', 'core_IINI-es_EEEE']"
DEIAALEAEIAALEAENAALEAENAALEG,"['Q3-aA', 'core_IINN-es_EEEE']"
DEIAALEAEIAALEAKIAALKAENAALEG,"['4H43-aA', 'core_IIIN-es_EEKE']"
DEIAALEAEIAALEAKIAALKAKNAALKG,"['4H48-aA', 'N3-aA', 'core_IIIN-es_EEKK']"
DEIAALEAEIAALEAKNAALKAKNAALKG,"['P3-aA', 'core_IINN-es_EEKK']"
DEIAALEAENAALEAEIAALEAKIAALKG,"['4H134-aA', 'core_INII-es_EEEK']"
DEIAALEAENAALEAEIAALEAKNAALKG,"['O8-aA', 'core_ININ-es_EEEK']"
DEIAALEAENAALEAENAALEAEIAALEG,"['P1-aA', 'P1-aA-1Haa-N', 'P1-aA-12Haa-N', 'P1-aA-1Hge-E', 'P1-aA-12Hge-E', 'core_INNI-es_EEEE']"
DEIAALEAENAALEAKIAALKAENAALEG,"['4H171-aA', 'O15-aA', 'core_ININ-es_EEKE']"
DEIAALEAENAALEAKIAALKAKIAALKG,"['4H174-aA', 'core_INII-es_EEKK']"
DEIAALEAENAALEAKNAALKAKIAALKG,"['Q8-aA', 'core_INNI-es_EEKK']"
DEIAALEAKIAALKAENAALEAEIAALEG,"['4H337-aA', 'core_IINI-es_EKEE']"
DEIAALEAKIAALKAENAALEAENAALEG,"['O3-aA', 'core_IINN-es_EKEE']"
DEIAALEAKIAALKAENAALEAKIAALKG,"['4H342-aA', 'core_IINI-es_EKEK']"
DEIAALEAKIAALKAKNAALKAEIAALEG,"['N5-aA', 'core_IINI-es_EKKE']"
DEIAALEAKIAALKAKNAALKAKNAALKG,"['4H384-aA', 'O12-aA', 'core_IINN-es_EKKK']"
DEIAALEAKNAALKAEIAALEAENAALEG,"['4H451-aA', 'core_ININ-es_EKEE']"
DEIAALEAKNAALKAEIAALEAKIAALKG,"['4H454-aA', 'N7-aA', 'core_INII-es_EKEK']"
DEIAALEAKNAALKAEIAALEAKNAALKG,"['P7-aA', 'core_ININ-es_EKEK']"
DEIAALEAKNAALKAENAALEAEIAALEG,"['4H465-aA', 'P1-aA-1Hge-K', 'core_INNI-es_EKEE']"
DEIAALEAKNAALKAKNAALKAEIAALEG,"['P1-aA-12Hge-K', 'core_INNI-es_EKKE']"
DEIAALEAKNAALKAKNAALKAKIAALKG,"['4H510-aA', 'core_INNI-es_EKKK']"
DEIQQLEEEISQLEQKNSQLKEKNQQLKY,"[u'P3S', u'Cys-P3S', u'P3mS']"
DENAALEAEIAALEAEIAALEAKNAALKG,"['P11-aA', 'core_NIIN-es_EEEK']"
DENAALEAEIAALEAENAALEAEIAALEG,"['P5-aA-12Hge-E', 'core_NINI-es_EEEE']"
DENAALEAEIAALEAENAALEAKIAALKG,"['4H1046-aA', 'O14-aA', 'core_NINI-es_EEEK']"
DENAALEAEIAALEAKIAALKAKIAALKG,"['4H1070-aA', 'core_NIII-es_EEKK']"
DENAALEAEIAALEAKNAALKAEIAALEG,"['O5-aA', 'P5-aA-1Hge-E', 'core_NINI-es_EEKE']"
DENAALEAEIAALEAKNAALKAKIAALKG,"['4H1086-aA', 'core_NINI-es_EEKK']"
DENAALEAENAALEAEIAALEAEIAALEG,"['4H1153-aA', 'core_NNII-es_EEEE']"
DENAALEAENAALEAKIAALKAEIAALEG,"['4H1193-aA', 'core_NNII-es_EEKE']"
DENAALEAENAALEAKIAALKAKIAALKG,"['4H1198-aA', 'core_NNII-es_EEKK']"
DENAALEAKIAALKAEIAALEAKIAALKG,"['4H1350-aA', 'core_NIII-es_EKEK']"
DENAALEAKIAALKAEIAALEAKNAALKG,"['4H1352-aA', 'Q6-aA', 'core_NIIN-es_EKEK']"
DENAALEAKIAALKAKIAALKAEIAALEG,"['4H1385-aA', 'P5-aA-12Haa-I', 'core_NIII-es_EKKE']"
DENAALEAKIAALKAKIAALKAKNAALKG,"['4H1392-aA', 'core_NIIN-es_EKKK']"
DENAALEAKIAALKAKNAALKAEIAALEG,"['4H1401-aA', 'P5-aA', 'P5-aA-1Haa-I', 'P5-aA-1Hge-K', 'P5-aA-12Hge-K', 'core_NINI-es_EKKE']"
DENAALEAKNAALKAEIAALEAEIAALEG,"['P9-aA', 'O9-aA', 'core_NNII-es_EKEE']"
DENAALEAKNAALKAEIAALEAKIAALKG,"['4H1478-aA', 'core_NNII-es_EKEK']"
DENAALEAKNAALKAKIAALKAEIAALEG,"['4H1513-aA', 'Q1-aA', 'core_NNII-es_EKKE']"
DENAALEAKNAALKAKIAALKAKIAALKG,"['O2-aA', 'core_NNII-es_EKKK']"
DENAALEAKNAALKAKNAALKAEIAALEG,"['P5-aA-1Haa-N', 'P5-aA-12Haa-N', 'core_NNNI-es_EKKE']"
DKIAALKAEIAALEAENAALEAENAALEG,"['4H2579-aA', 'O11-aA', 'core_IINN-es_KEEE']"
DKIAALKAEIAALEAENAALEAKIAALKG,"['N6-aA', 'core_IINI-es_KEEK']"
DKIAALKAEIAALEAKIAALKAKNAALKG,"['4H2608-aA', 'core_IIIN-es_KEKK']"
DKIAALKAEIAALEAKNAALKAEIAALEG,"['4H2617-aA', 'core_IINI-es_KEKE']"
DKIAALKAEIAALEAKNAALKAKIAALKG,"['4H2622-aA', 'core_IINI-es_KEKK']"
DKIAALKAEIAALEAKNAALKAKNAALKG,"['O4-aA', 'core_IINN-es_KEKK']"
DKIAALKAENAALEAENAALEAEIAALEG,"['4H2705-aA', 'core_INNI-es_KEEE']"
DKIAALKAENAALEAENAALEAKIAALKG,"['P2-aA-12Hge-E', 'core_INNI-es_KEEK']"
DKIAALKAENAALEAKIAALKAEIAALEG,"['4H2729-aA', 'N8-aA', 'core_INII-es_KEKE']"
DKIAALKAENAALEAKIAALKAENAALEG,"['P8-aA', 'core_ININ-es_KEKE']"
DKIAALKAENAALEAKIAALKAKNAALKG,"['4H2736-aA', 'core_ININ-es_KEKK']"
DKIAALKAENAALEAKNAALKAKIAALKG,"['4H2750-aA', 'P2-aA-1Hge-E', 'core_INNI-es_KEKK']"
DKIAALKAKIAALKAEIAALEAENAALEG,"['4H2883-aA', 'N4-aA', 'core_IIIN-es_KKEE']"
DKIAALKAKIAALKAEIAALEAKNAALKG,"['4H2888-aA', 'core_IIIN-es_KKEK']"
DKIAALKAKIAALKAENAALEAENAALEG,"['P4-aA', 'core_IINN-es_KKEE']"
DKIAALKAKIAALKAKIAALKAKIAALKG,"['P2-aA-12Haa-I', 'core_IIII-es_KKKK']"
DKIAALKAKIAALKAKNAALKAKIAALKG,"['P2-aA-1Haa-I', 'core_IINI-es_KKKK']"
DKIAALKAKIAALKAKNAALKAKNAALKG,"['4H2944-aA', 'Q4-aA', 'core_IINN-es_KKKK']"
DKIAALKAKNAALKAEIAALEAEIAALEG,"['4H3009-aA', 'core_INII-es_KKEE']"
DKIAALKAKNAALKAEIAALEAKNAALKG,"['4H3016-aA', 'O16-aA', 'core_ININ-es_KKEK']"
DKIAALKAKNAALKAENAALEAEIAALEG,"['Q7-aA', 'core_INNI-es_KKEE']"
DKIAALKAKNAALKAKIAALKAEIAALEG,"['4H3049-aA', 'core_INII-es_KKKE']"
DKIAALKAKNAALKAKIAALKAENAALEG,"['O7-aA', 'core_ININ-es_KKKE']"
DKIAALKAKNAALKAKIAALKAKNAALKG,"['4H3056-aA', 'core_ININ-es_KKKK']"
DKIAALKAKNAALKAKNAALKAKIAALKG,"['P2-aA', 'P2-aA-1Haa-N', 'P2-aA-12Haa-N', 'P2-aA-1Hge-K', 'P2-aA-12Hge-K', 'core_INNI-es_KKKK']"
DKISQLKQKIQQLKQENQQLEEENSQLEY,"[u'P4S', u'P4S-Cys']"
DKNAALKAEIAALEAEIAALEAENAALEG,"['4H3587-aA', 'core_NIIN-es_KEEE']"
DKNAALKAEIAALEAEIAALEAKIAALKG,"['4H3590-aA', 'P6-aA-12Haa-I', 'core_NIII-es_KEEK']"
DKNAALKAEIAALEAENAALEAKIAALKG,"['4H3606-aA', 'P6-aA', 'P6-aA-1Haa-I', 'P6-aA-1Hge-E', 'P6-aA-12Hge-E', 'core_NINI-es_KEEK']"
DKNAALKAEIAALEAKIAALKAEIAALEG,"['4H3625-aA', 'core_NIII-es_KEKE']"
DKNAALKAEIAALEAKIAALKAENAALEG,"['4H3627-aA', 'Q5-aA', 'core_NIIN-es_KEKE']"
DKNAALKAENAALEAEIAALEAEIAALEG,"['O1-aA', 'core_NNII-es_KEEE']"
DKNAALKAENAALEAEIAALEAKIAALKG,"['4H3718-aA', 'Q2-aA', 'core_NNII-es_KEEK']"
DKNAALKAENAALEAENAALEAKIAALKG,"['P6-aA-1Haa-N', 'P6-aA-12Haa-N', 'core_NNNI-es_KEEK']"
DKNAALKAENAALEAKIAALKAEIAALEG,"['4H3753-aA', 'core_NNII-es_KEKE']"
DKNAALKAENAALEAKIAALKAKIAALKG,"['P10-aA', 'O10-aA', 'core_NNII-es_KEKK']"
DKNAALKAKIAALKAEIAALEAEIAALEG,"['4H3905-aA', 'core_NIII-es_KKEE']"
DKNAALKAKIAALKAENAALEAEIAALEG,"['4H3921-aA', 'core_NINI-es_KKEE']"
DKNAALKAKIAALKAENAALEAKIAALKG,"['O6-aA', 'P6-aA-1Hge-K', 'core_NINI-es_KKEK']"
DKNAALKAKIAALKAKIAALKAENAALEG,"['P12-aA', 'core_NIIN-es_KKKE']"
DKNAALKAKIAALKAKNAALKAEIAALEG,"['4H3961-aA', 'O13-aA', 'core_NINI-es_KKKE']"
DKNAALKAKIAALKAKNAALKAKIAALKG,"['P6-aA-12Hge-K', 'core_NINI-es_KKKK']"
DKNAALKAKNAALKAEIAALEAEIAALEG,"['4H4033-aA', 'core_NNII-es_KKEE']"
DKNAALKAKNAALKAEIAALEAKIAALKG,"['4H4038-aA', 'core_NNII-es_KKEK']"
