>P3_rev-C1,AGCGAAACCGTGCGTTTAACCATATTTCAGTGCTTGATTCTTCTCCTTCAGCGCCGCATTCTTCTGTTCCAGCTGCGCGATCTCTTCTTCCAGTTGCTGGATCTCGTCTTCCGGACTaggAgaagagcTGCCTCAATCTAGTCTTCATTCGCAGACCTAGCCGGATCGACCGTGCTACCGTTTCCGTAAGCCGAAACCGGAGAGCAAGATCTGGGTGCGCATCC
>P4_rev-C1,AGCGAAACCGTGCGTTTAGCCGTACTCCAGGGCCGCGTTCTCTTCTTCCAGCTGCTGATTCTCCTGTTTCAGCGCCTGAATCTTCTGTTTCAGCTGTGCAATCTTGTCTTCCGGGCTaggAgaagagcTGCCTCAATCTAGTCTTCATTCGCAGACCTAGCCGGATCGACCGTGCTACCGTTTCCGTAAGCCGAAACCGGAGAGCAAGATCTGGGTGCGCATCC
>P5_rev-C1,AGCGAAACCGTGCGTTTAACCATACTCCAGCGCTTGAATTTCCTCTTTCAGCGCCGCGTTCTTCTGTTTCAGCTGCGCAATCTTCTCCTCCAGCGCTGCATTCTCGTCTTCCGGGCTaggAgaagagcTGCCTCAATCTAGTCTTCATTCGCAGACCTAGCCGGATCGACCGTGCTACCGTTTCCGTAAGCCGAAACCGGAGAGCAAGATCTGGGTGCGCATCC
>P6_rev-C1,AGCGAAACCGTGCGTTTAGCCGTACTTCAGCTGGGCGATCTTCTCTTCCAGAGCCTGATTCTCTTCTTCCAGTGCCTGAATCTCCTCTTTCAGCGCTGCGTTCTTATCTTCCGGACTaggAgaagagcTGCCTCAATCTAGTCTTCATTCGCAGACCTAGCCGGATCGACCGTGCTACCGTTTCCGTAAGCCGAAACCGGAGAGCAAGATCTGGGTGCGCATCC
>P7_rev-C1,AGCGAAACCGTGCGTTTAACCGTATTTCAGCGCCTGGTTCTTCTCCTCCAGCGCAGCAATCTCCTGCTTCAGCTGGGCGTTCTTCTCCTCCAGAGCCTGAATTTCGTCTTCCGGGCTaggAgaagagcTGCCTCAATCTAGTCTTCATTCGCAGACCTAGCCGGATCGACCGTGCTACCGTTTCCGTAAGCCGAAACCGGAGAGCAAGATCTGGGTGCGCATCC
>P8_rev-C1,AGCGAAACCGTGCGTTTAGCCGTATTCCAGCGCCGCGTTCTCTTCTTTCAGTGCCTGAATCTTCTGCTCCAGCTGCTGGTTCTCCTCCTTCAGCTGCGCGATCTTGTCTTCTGGCGAaggAgaagagcTGCCTCAATCTAGTCTTCATTCGCAGACCTAGCCGGATCGACCGTGCTACCGTTTCCGTAAGCCGAAACCGGAGAGCAAGATCTGGGTGCGCATCC
>P9_rev-C1,AGCGAAACCGTGCGTTTAACCGTATTCCAGTTGGGCAATTTCTTGCTCCAGGGCAGCGATCTCCTGTTTCAGCTGGGCATTCTTCTGCTCCAGAGCCTGATTCTCaggAgaagagcTGCCTCAATCTAGTCTTCATTCGCAGACCTAGCCGGATCGACCGTGCTACCGTTTCCGTAAGCCGAAACCGGAGAGCAAGAGGGCGTCATACCTCTGGGTGCGCATCC
>P10_rev-C1,AGCGAAACCGTGCGTTTAGCCGTATTTCAGCGCTTGGATCTTCTCCTTCAGTTGCTGGATCTTCTCCTCCAGCGCTGCGTTCTCTTCTTTCAGTTGGGCGTTCTTaggAgaagagcTGCCTCAATCTAGTCTTCATTCGCAGACCTAGCCGGATCGACCGTGCTACCGTTTCCGTAAGCCGAAACCGGAGAGCAAGAGGGCGTCATACCTCTGGGTGCGCATCC
>P11_rev-C1,AGCGAAACCGTGCGTTTAGCCATATTTCAGTTGAGCATTCTTCTGCTCCAGTGCGGCAATTTCTTGTTCCAGCTGTGCAATCTCTTGTTCCAGGGCTTGATTCTCaggAgaagagcTGCCTCAATCTAGTCTTCATTCGCAGACCTAGCCGGATCGACCGTGCTACCGTTTCCGTAAGCCGAAACCGGAGAGCAAGAGGGCGTCATACCTCTGGGTGCGCATCC
>P12_rev-C1,AGCGAAACCGTGCGTTTAACCATATTCCAGCGCTTGATTCTCCTCTTTCAGCTGCTGAATCTTCTCTTTCAGCGCGGCGATCTTCTCTTTCAGTTGCGCATTCTTaggAgaagagcTGCCTCAATCTAGTCTTCATTCGCAGACCTAGCCGGATCGACCGTGCTACCGTTTCCGTAAGCCGAAACCGGAGAGCAAGAGGGCGTCATACCTCTGGGTGCGCATCC
>P3mS_rev-C1,AGCGAAACCGTGCGTTTAACCGTATTTCAGTTGCTGGTTCTTCTCTTTCAGTTGCGAGTTCTTCTGCTCCAGCTGCGAAATTTCCTCCTCCAGTTGCTGGATTTCaggAgaagagcTGCCTCAATCTAGTCTTCATTCGCAGACCTAGCCGGATCGACCGTGCTACCGTTTCCGTAAGCCGAAACCGGAGAGCAAGAGGGCGTCATACCTCTGGGTGCGCATCC
>P4mS_rev-C1,AGCGAAACCGTGCGTTTAGCCGTACTCCAGCTGCGAATTTTCTTCCTCCAGCTGCTGATTCTCCTGTTTCAGTTGCTGGATCTTCTGTTTCAGTTGGCTGATCTTaggAgaagagcTGCCTCAATCTAGTCTTCATTCGCAGACCTAGCCGGATCGACCGTGCTACCGTTTCCGTAAGCCGAAACCGGAGAGCAAGAGGGCGTCATACCTCTGGGTGCGCATCC
>P5mS_rev-C1,AGCGAAACCGTGCGTTTAACCATATTCCAGCTGCTGAATCTCTTCTTTCAGTTGGCTATTCTTCTGTTTCAGCTGGCTGATCTTCTCTTCCAGCTGCGAATTTTCaggAgaagagcTGCCTCAATCTAGTCTTCATTCGCAGACCTAGCCGGATCGACCGTGCTACCGTTTCCGTAAGCCGAAACCGGAGAGCAAGAGGGCGTCATACCTCTGGGTGCGCATCC
>P6mS_rev-C1,AGCGAAACCGTGCGTTTAACCATACTTCAGTTGCGAAATCTTCTCTTCCAGTTGCTGGTTCTCTTCCTCCAGCTGTTGAATTTCCTCTTTCAGCTGCGAATTTTTaggAgaagagcTGCCTCAATCTAGTCTTCATTCGCAGACCTAGCCGGATCGACCGTGCTACCGTTTCCGTAAGCCGAAACCGGAGAGCAAGAGGGCGTCATACCTCTGGGTGCGCATCC
>P7mS_rev-C1,AGCGAAACCGTGCGTTTAGCCGTATTTCAGCTGCTGGTTCTTCTCTTCCAGCTGCGAAATCTCCTGCTTCAGCTGCGAGTTCTTCTCCTCCAGGCTCTGAATTTCaggAgaagagcTGCCTCAATCTAGTCTTCATTCGCAGACCTAGCCGGATCGACCGTGCTACCGTTTCCGTAAGCCGAAACCGGAGAGCAAGAGGGCGTCATACCTCTGGGTGCGCATCC
>P8mS_rev-C1,AGCGAAACCGTGCGTTTAACCATACTCCAGCTGGCTGTTCTCTTCTTTCAGCTGCTGAATCTTCTGCTCCAGTTGCTGATTCTCTTCTTTCAGCTGACTAATCTTaggAgaagagcTGCCTCAATCTAGTCTTCATTCGCAGACCTAGCCGGATCGACCGTGCTACCGTTTCCGTAAGCCGAAACCGGAGAGCAAGAGGGCGTCATACCTCTGGGTGCGCATCC
>P5SC1_rev-C1,AGCGAAACCGTGCGTTTAACAACCGTACTCCAGACGTGCAATTTCTTCTTTCAGACGCGAGTTCTTCTGCTTCAGCTGGCTAATCTTCTCTTCCAGCTGACTGTTCTCaggAgaagagcTGCCTCAATCTAGTCTTCATTCGCAGACCTAGCCGGATCGACCGTGCTACCGTTTCCGTAAGCCGAAACCGGAGAGCAAGAGGGCGTCATTCTGGGTGCGCATCC
>P6SC1_rev-C1,AGCGAAACCGTGCGTTTAGCAACCATATTTCAGCTGACGAATCTTCTCTTCCAGTTGCTGATTCTCCTCCTCCAGTTGCTGGATTTCCTCTTTCAGCTGGCTATTCTTaggAgaagagcTGCCTCAATCTAGTCTTCATTCGCAGACCTAGCCGGATCGACCGTGCTACCGTTTCCGTAAGCCGAAACCGGAGAGCAAGAGGGCGTCATTCTGGGTGCGCATCC
>P5SC2_rev-C1,AGCGAAACCGTGCGTTTAACAACCGTACTCCAGCTGCTGAATTTCTTCTTTCAGTTGGCTGTTCTTCTGTTTCAGCTGACGGATCTTCTCTTCCAGACGTGCGTTCTCaggAgaagagcTGCCTCAATCTAGTCTTCATTCGCAGACCTAGCCGGATCGACCGTGCTACCGTTTCCGTAAGCCGAAACCGGAGAGCAAGAGGGCGTCATTCTGGGTGCGCATCC
>P6SC2_rev-C1,AGCGAAACCGTGCGTTTAGCAACCATACTTCAGTTGGCTAATCTTCTCCTCCAGCTGCTGATTCTCCTGTTCCAGGCGTTGGATCTCCTCTTTCAGACGCTCGTTCTTaggAgaagagcTGCCTCAATCTAGTCTTCATTCGCAGACCTAGCCGGATCGACCGTGCTACCGTTTCCGTAAGCCGAAACCGGAGAGCAAGAGGGCGTCATTCTGGGTGCGCATCC
>GCN4_rev-C1,AGCGAAACCGTGCGTTTAgcgttcgcccaccagttttttcaggcgtgccacttcgttttccagatgatagtttttgctcagcagttcttccactttatcttccagctgtttcatgcgaggAgaagagcTGCCTCAATCTAGTCTTCATTCGCAGACCTAGCCGGATCGACCGTGCTACCGTTTCCGTAAGCCGAAACCGGAGAGCAAGATCTGGGTGCGCATCC
>P3_rev-C2,TGTCCCAGGTCGCAGTTAACCATATTTCAGGGCTTGATTCTTCTCTTTCAGTGCCGCGTTCTTCTGCTCCAGCTGAGCAATTTCTTCTTCCAGCTGTTGAATCTCGTCTTCAGGGCTaggAgaagagcTGCCTCAATCTAGTCTTCATTCGCAGACCTAGCCGGATCGACCGTGCTACCGTTTCCGTAAGCCGAAACCGGAGAGCAAGACCGTGCCACAACTCG
>P4_rev-C2,TGTCCCAGGTCGCAGTTAACCATATTCCAGGGCCGCATTCTCTTCTTCCAGTTGCTGGTTCTCCTGTTTCAGAGCCTGAATCTTCTGTTTCAGCTGAGCGATCTTATCTTCCGGGCTaggAgaagagcTGCCTCAATCTAGTCTTCATTCGCAGACCTAGCCGGATCGACCGTGCTACCGTTTCCGTAAGCCGAAACCGGAGAGCAAGACCGTGCCACAACTCG
>P5_rev-C2,TGTCCCAGGTCGCAGTTAACCATATTCCAGTGCCTGGATTTCTTCCTTCAGGGCAGCGTTCTTCTGTTTCAGCTGCGCGATCTTCTCTTCCAGCGCCGCGTTCTCGTCCTCTGGGCTaggAgaagagcTGCCTCAATCTAGTCTTCATTCGCAGACCTAGCCGGATCGACCGTGCTACCGTTTCCGTAAGCCGAAACCGGAGAGCAAGACCGTGCCACAACTCG
>P6_rev-C2,TGTCCCAGGTCGCAGTTAACCGTATTTCAGTTGTGCGATCTTCTCTTCCAGGGCTTGATTCTCTTCTTCCAGGGCCTGGATTTCCTCTTTCAGCGCTGCGTTCTTATCTTCCGGACTaggAgaagagcTGCCTCAATCTAGTCTTCATTCGCAGACCTAGCCGGATCGACCGTGCTACCGTTTCCGTAAGCCGAAACCGGAGAGCAAGACCGTGCCACAACTCG
>P7_rev-C2,TGTCCCAGGTCGCAGTTAACCATATTTCAGGGCCTGATTCTTCTCTTCCAGGGCCGCAATCTCTTGTTTCAGCTGCGCGTTCTTCTCTTCCAGCGCTTGAATTTCGTCTTCCGGCGAaggAgaagagcTGCCTCAATCTAGTCTTCATTCGCAGACCTAGCCGGATCGACCGTGCTACCGTTTCCGTAAGCCGAAACCGGAGAGCAAGACCGTGCCACAACTCG
>P8_rev-C2,TGTCCCAGGTCGCAGTTAACCATACTCCAGAGCCGCATTCTCTTCTTTCAGAGCTTGGATCTTCTGTTCCAGCTGCTGGTTCTCCTCTTTCAGTTGGGCGATCTTGTCCTCCGGGCTaggAgaagagcTGCCTCAATCTAGTCTTCATTCGCAGACCTAGCCGGATCGACCGTGCTACCGTTTCCGTAAGCCGAAACCGGAGAGCAAGACCGTGCCACAACTCG
>P9_rev-C2,TGTCCCAGGTCGCAGTTAACCATATTCCAGCTGTGCGATTTCCTGCTCCAGCGCCGCGATCTCTTGCTTCAGCTGTGCATTCTTCTGTTCCAGAGCCTGGTTCTCaggAgaagagcTGCCTCAATCTAGTCTTCATTCGCAGACCTAGCCGGATCGACCGTGCTACCGTTTCCGTAAGCCGAAACCGGAGAGCAAGAGGGCGTCATACCCCGTGCCACAACTCG
>P10_rev-C2,TGTCCCAGGTCGCAGTTAGCCGTATTTCAGGGCTTGGATCTTCTCTTTCAGTTGTTGAATCTTCTCTTCCAGGGCCGCATTCTCTTCTTTCAGTTGCGCGTTCTTaggAgaagagcTGCCTCAATCTAGTCTTCATTCGCAGACCTAGCCGGATCGACCGTGCTACCGTTTCCGTAAGCCGAAACCGGAGAGCAAGAGGGCGTCATACCCCGTGCCACAACTCG
>P11_rev-C2,TGTCCCAGGTCGCAGTTAACCATATTTCAGTTGAGCGTTCTTCTGCTCCAGCGCCGCGATTTCCTGTTCCAGTTGGGCGATCTCCTGCTCCAGTGCTTGGTTCTCaggAgaagagcTGCCTCAATCTAGTCTTCATTCGCAGACCTAGCCGGATCGACCGTGCTACCGTTTCCGTAAGCCGAAACCGGAGAGCAAGAGGGCGTCATACCCCGTGCCACAACTCG
>P12_rev-C2,TGTCCCAGGTCGCAGTTAGCCATATTCCAGTGCTTGGTTCTCTTCTTTCAGCTGCTGGATCTTCTCTTTCAGCGCGGCAATCTTCTCTTTCAGTTGCGCATTCTTaggAgaagagcTGCCTCAATCTAGTCTTCATTCGCAGACCTAGCCGGATCGACCGTGCTACCGTTTCCGTAAGCCGAAACCGGAGAGCAAGAGGGCGTCATACCCCGTGCCACAACTCG
>P3mS_rev-C2,TGTCCCAGGTCGCAGTTAGCCGTATTTCAGTTGTTGATTCTTCTCTTTCAGTTGGCTATTCTTCTGCTCCAGCTGGCTAATTTCCTCCTCCAGCTGCTGAATTTCaggAgaagagcTGCCTCAATCTAGTCTTCATTCGCAGACCTAGCCGGATCGACCGTGCTACCGTTTCCGTAAGCCGAAACCGGAGAGCAAGAGGGCGTCATACCCCGTGCCACAACTCG
>P4mS_rev-C2,TGTCCCAGGTCGCAGTTAGCCGTACTCCAGTTGCGAGTTCTCTTCTTCCAGCTGCTGGTTCTCTTGCTTCAGCTGTTGAATCTTCTGTTTCAGTTGCGAAATCTTaggAgaagagcTGCCTCAATCTAGTCTTCATTCGCAGACCTAGCCGGATCGACCGTGCTACCGTTTCCGTAAGCCGAAACCGGAGAGCAAGAGGGCGTCATACCCCGTGCCACAACTCG
>P5mS_rev-C2,TGTCCCAGGTCGCAGTTAACCGTACTCCAGTTGCTGGATCTCCTCTTTCAGCTGACTGTTCTTCTGTTTCAGCTGGCTGATCTTCTCCTCCAGCTGGCTGTTCTCaggAgaagagcTGCCTCAATCTAGTCTTCATTCGCAGACCTAGCCGGATCGACCGTGCTACCGTTTCCGTAAGCCGAAACCGGAGAGCAAGAGGGCGTCATACCCCGTGCCACAACTCG
>P6mS_rev-C2,TGTCCCAGGTCGCAGTTAGCCATATTTCAGCTGCGAGATCTTCTCTTCCAGCTGTTGGTTCTCTTCTTCCAGCTGTTGAATTTCTTCTTTCAGTTGGCTGTTCTTaggAgaagagcTGCCTCAATCTAGTCTTCATTCGCAGACCTAGCCGGATCGACCGTGCTACCGTTTCCGTAAGCCGAAACCGGAGAGCAAGAGGGCGTCATACCCCGTGCCACAACTCG
>P7mS_rev-C2,TGTCCCAGGTCGCAGTTAGCCGTATTTCAGCTGTTGATTCTTCTCCTCCAGCTGCGAAATCTCCTGTTTCAGTTGCGAATTTTTCTCTTCCAGACTTTGGATTTCaggAgaagagcTGCCTCAATCTAGTCTTCATTCGCAGACCTAGCCGGATCGACCGTGCTACCGTTTCCGTAAGCCGAAACCGGAGAGCAAGAGGGCGTCATACCCCGTGCCACAACTCG
>P8mS_rev-C2,TGTCCCAGGTCGCAGTTAACCGTATTCCAGCTGGCTGTTCTCCTCCTTCAGCTGCTGGATCTTCTGTTCCAGTTGCTGATTCTCTTCTTTCAGCTGGCTAATCTTaggAgaagagcTGCCTCAATCTAGTCTTCATTCGCAGACCTAGCCGGATCGACCGTGCTACCGTTTCCGTAAGCCGAAACCGGAGAGCAAGAGGGCGTCATACCCCGTGCCACAACTCG
>P5SC1_rev-C2,TGTCCCAGGTCGCAGTTAACAGCCATATTCCAGGCGTGCGATTTCCTCCTTCAGACGACTATTCTTCTGTTTCAGTTGGCTAATCTTCTCCTCCAGCTGGCTATTCTCaggAgaagagcTGCCTCAATCTAGTCTTCATTCGCAGACCTAGCCGGATCGACCGTGCTACCGTTTCCGTAAGCCGAAACCGGAGAGCAAGAGGGCGTCATCCGTGCCACAACTCG
>P6SC1_rev-C2,TGTCCCAGGTCGCAGTTAGCAGCCATATTTCAGCTGGCGAATCTTCTCTTCCAGCTGCTGGTTCTCTTCTTCCAGTTGCTGAATCTCTTCCTTCAGCTGGCTGTTCTTaggAgaagagcTGCCTCAATCTAGTCTTCATTCGCAGACCTAGCCGGATCGACCGTGCTACCGTTTCCGTAAGCCGAAACCGGAGAGCAAGAGGGCGTCATCCGTGCCACAACTCG
>P5SC2_rev-C2,TGTCCCAGGTCGCAGTTAGCAACCATATTCCAGTTGCTGAATTTCTTCCTTCAGCTGGCTATTCTTCTGCTTCAGTTGACGGATCTTCTCTTCCAGGCGGGCATTCTCaggAgaagagcTGCCTCAATCTAGTCTTCATTCGCAGACCTAGCCGGATCGACCGTGCTACCGTTTCCGTAAGCCGAAACCGGAGAGCAAGAGGGCGTCATCCGTGCCACAACTCG
>P6SC2_rev-C2,TGTCCCAGGTCGCAGTTAACAGCCGTACTTCAGCTGGCTAATCTTCTCTTCCAGCTGCTGGTTCTCCTGTTCCAGGCGTTGGATTTCTTCTTTCAGGCGCTCATTCTTaggAgaagagcTGCCTCAATCTAGTCTTCATTCGCAGACCTAGCCGGATCGACCGTGCTACCGTTTCCGTAAGCCGAAACCGGAGAGCAAGAGGGCGTCATCCGTGCCACAACTCG
>GCN4_rev-C2,TGTCCCAGGTCGCAGTTAgcgttcgcccaccagttttttcaggcgtgccacttcgttttccagatgatagtttttgctcagcagttcttccactttatcttccagctgtttcatgcgaggAgaagagcTGCCTCAATCTAGTCTTCATTCGCAGACCTAGCCGGATCGACCGTGCTACCGTTTCCGTAAGCCGAAACCGGAGAGCAAGACCGTGCCACAACTCG
>P3_rev-C3,TCGCGGAGTTGAGGTTTAACCGTATTTCAGCGCCTGGTTCTTCTCCTTCAGGGCAGCGTTCTTCTGTTCCAGTTGCGCAATCTCCTCTTCCAGCTGCTGAATCTCATCTTCCGGGCTaggAgaagagcTGCCTCAATCTAGTCTTCATTCGCAGACCTAGCCGGATCGACCGTGCTACCGTTTCCGTAAGCCGAAACCGGAGAGCAAGACTACGGCTCGGCAAC
>P4_rev-C3,TCGCGGAGTTGAGGTTTAGCCATATTCCAGTGCCGCGTTCTCTTCCTCCAGCTGTTGGTTCTCCTGTTTCAGTGCCTGAATCTTCTGCTTCAGCTGGGCGATCTTGTCTTCAGGGCTaggAgaagagcTGCCTCAATCTAGTCTTCATTCGCAGACCTAGCCGGATCGACCGTGCTACCGTTTCCGTAAGCCGAAACCGGAGAGCAAGACTACGGCTCGGCAAC
>P5_rev-C3,TCGCGGAGTTGAGGTTTAACCATATTCCAGGGCTTGAATTTCTTCTTTCAGCGCCGCGTTCTTCTGTTTCAGCTGGGCAATCTTCTCTTCCAGAGCAGCATTCTCATCTTCCGGGCTaggAgaagagcTGCCTCAATCTAGTCTTCATTCGCAGACCTAGCCGGATCGACCGTGCTACCGTTTCCGTAAGCCGAAACCGGAGAGCAAGACTACGGCTCGGCAAC
>P6_rev-C3,TCGCGGAGTTGAGGTTTAACCATACTTCAGCTGTGCAATCTTCTCCTCCAGTGCTTGGTTCTCCTCTTCCAGCGCCTGAATCTCCTCCTTCAGCGCCGCATTCTTATCCTCCGGCGAaggAgaagagcTGCCTCAATCTAGTCTTCATTCGCAGACCTAGCCGGATCGACCGTGCTACCGTTTCCGTAAGCCGAAACCGGAGAGCAAGACTACGGCTCGGCAAC
>P7_rev-C3,TCGCGGAGTTGAGGTTTAGCCATATTTCAGGGCCTGGTTCTTCTCTTCCAGCGCGGCAATCTCCTGTTTCAGCTGCGCGTTCTTCTCTTCCAGTGCCTGGATCTCATCTTCCGGACTaggAgaagagcTGCCTCAATCTAGTCTTCATTCGCAGACCTAGCCGGATCGACCGTGCTACCGTTTCCGTAAGCCGAAACCGGAGAGCAAGACTACGGCTCGGCAAC
>P8_rev-C3,TCGCGGAGTTGAGGTTTAGCCATATTCCAGGGCGGCGTTCTCTTCTTTCAGTGCCTGAATCTTCTGTTCCAGTTGCTGATTCTCTTCTTTCAGCTGTGCGATCTTATCTTCCGGGCTaggAgaagagcTGCCTCAATCTAGTCTTCATTCGCAGACCTAGCCGGATCGACCGTGCTACCGTTTCCGTAAGCCGAAACCGGAGAGCAAGACTACGGCTCGGCAAC
>P9_rev-C3,TCGCGGAGTTGAGGTTTAGCCATACTCCAGCTGCGCAATTTCTTGCTCCAGCGCCGCAATCTCTTGTTTCAGTTGCGCATTCTTCTGCTCCAGCGCCTGATTCTCaggAgaagagcTGCCTCAATCTAGTCTTCATTCGCAGACCTAGCCGGATCGACCGTGCTACCGTTTCCGTAAGCCGAAACCGGAGAGCAAGAGGGCGTCATACCCTACGGCTCGGCAAC
>P10_rev-C3,TCGCGGAGTTGAGGTTTAGCCGTATTTCAGCGCCTGGATCTTCTCTTTCAGCTGTTGAATCTTCTCTTCCAGAGCGGCGTTCTCTTCTTTCAGCTGGGCGTTCTTaggAgaagagcTGCCTCAATCTAGTCTTCATTCGCAGACCTAGCCGGATCGACCGTGCTACCGTTTCCGTAAGCCGAAACCGGAGAGCAAGAGGGCGTCATACCCTACGGCTCGGCAAC
>P11_rev-C3,TCGCGGAGTTGAGGTTTAGCCGTATTTCAGTTGAGCGTTCTTCTGTTCCAGGGCGGCAATTTCCTGCTCCAGCTGAGCGATTTCCTGTTCCAGCGCTTGGTTCTCaggAgaagagcTGCCTCAATCTAGTCTTCATTCGCAGACCTAGCCGGATCGACCGTGCTACCGTTTCCGTAAGCCGAAACCGGAGAGCAAGAGGGCGTCATACCCTACGGCTCGGCAAC
>P12_rev-C3,TCGCGGAGTTGAGGTTTAACCATATTCCAGCGCCTGGTTCTCTTCTTTCAGCTGCTGGATCTTCTCCTTCAGCGCAGCGATCTTCTCTTTCAGTTGTGCGTTCTTaggAgaagagcTGCCTCAATCTAGTCTTCATTCGCAGACCTAGCCGGATCGACCGTGCTACCGTTTCCGTAAGCCGAAACCGGAGAGCAAGAGGGCGTCATACCCTACGGCTCGGCAAC
>P3mS_rev-C3,TCGCGGAGTTGAGGTTTAACCATATTTCAGTTGTTGGTTCTTCTCTTTCAGCTGCGAGTTCTTCTGTTCCAGTTGGCTAATCTCTTCTTCCAGCTGCTGAATTTCaggAgaagagcTGCCTCAATCTAGTCTTCATTCGCAGACCTAGCCGGATCGACCGTGCTACCGTTTCCGTAAGCCGAAACCGGAGAGCAAGAGGGCGTCATACCCTACGGCTCGGCAAC
>P4mS_rev-C3,TCGCGGAGTTGAGGTTTAGCCGTATTCCAGTTGCGAATTTTCTTCTTCCAGCTGTTGATTCTCCTGCTTCAGTTGCTGGATCTTCTGTTTCAGCTGGCTAATCTTaggAgaagagcTGCCTCAATCTAGTCTTCATTCGCAGACCTAGCCGGATCGACCGTGCTACCGTTTCCGTAAGCCGAAACCGGAGAGCAAGAGGGCGTCATACCCTACGGCTCGGCAAC
>P5mS_rev-C3,TCGCGGAGTTGAGGTTTAGCCGTACTCCAGCTGTTGGATCTCTTCTTTCAGTTGGCTGTTCTTCTGTTTCAGTTGGCTGATCTTCTCCTCCAGTTGACTATTCTCaggAgaagagcTGCCTCAATCTAGTCTTCATTCGCAGACCTAGCCGGATCGACCGTGCTACCGTTTCCGTAAGCCGAAACCGGAGAGCAAGAGGGCGTCATACCCTACGGCTCGGCAAC
>P6mS_rev-C3,TCGCGGAGTTGAGGTTTAACCGTATTTCAGCTGCGAGATCTTCTCTTCCAGCTGCTGGTTCTCTTCTTCCAGTTGCTGGATTTCTTCTTTCAGCTGGCTATTCTTaggAgaagagcTGCCTCAATCTAGTCTTCATTCGCAGACCTAGCCGGATCGACCGTGCTACCGTTTCCGTAAGCCGAAACCGGAGAGCAAGAGGGCGTCATACCCTACGGCTCGGCAAC
>P7mS_rev-C3,TCGCGGAGTTGAGGTTTAACCATACTTCAGCTGTTGATTCTTCTCCTCCAGCTGGCTAATCTCTTGTTTCAGCTGACTGTTCTTCTCTTCCAGGCTTTGGATTTCaggAgaagagcTGCCTCAATCTAGTCTTCATTCGCAGACCTAGCCGGATCGACCGTGCTACCGTTTCCGTAAGCCGAAACCGGAGAGCAAGAGGGCGTCATACCCTACGGCTCGGCAAC
>P8mS_rev-C3,TCGCGGAGTTGAGGTTTAGCCATACTCCAGTTGGCTGTTCTCTTCTTTCAGCTGTTGAATCTTCTGTTCCAGTTGCTGATTCTCTTCTTTCAGTTGCGAGATCTTaggAgaagagcTGCCTCAATCTAGTCTTCATTCGCAGACCTAGCCGGATCGACCGTGCTACCGTTTCCGTAAGCCGAAACCGGAGAGCAAGAGGGCGTCATACCCTACGGCTCGGCAAC
>P5SC1_rev-C3,TCGCGGAGTTGAGGTTTAACAACCATATTCCAGGCGAGCAATTTCTTCTTTCAGGCGACTGTTCTTCTGTTTCAGTTGGCTAATCTTCTCTTCCAGCTGGCTATTCTCaggAgaagagcTGCCTCAATCTAGTCTTCATTCGCAGACCTAGCCGGATCGACCGTGCTACCGTTTCCGTAAGCCGAAACCGGAGAGCAAGAGGGCGTCATCTACGGCTCGGCAAC
>P6SC1_rev-C3,TCGCGGAGTTGAGGTTTAACAACCGTATTTCAGCTGACGGATCTTCTCTTCCAGTTGTTGATTCTCTTCCTCCAGTTGTTGAATCTCTTCTTTCAGCTGCGAGTTCTTaggAgaagagcTGCCTCAATCTAGTCTTCATTCGCAGACCTAGCCGGATCGACCGTGCTACCGTTTCCGTAAGCCGAAACCGGAGAGCAAGAGGGCGTCATCTACGGCTCGGCAAC
>P5SC2_rev-C3,TCGCGGAGTTGAGGTTTAACAGCCGTATTCCAGCTGCTGAATTTCCTCTTTCAGCTGCGAATTTTTCTGCTTCAGTTGGCGAATCTTCTCCTCCAGGCGCGCGTTCTCaggAgaagagcTGCCTCAATCTAGTCTTCATTCGCAGACCTAGCCGGATCGACCGTGCTACCGTTTCCGTAAGCCGAAACCGGAGAGCAAGAGGGCGTCATCTACGGCTCGGCAAC
>P6SC2_rev-C3,TCGCGGAGTTGAGGTTTAACAGCCGTATTTCAGCTGGCTGATCTTCTCCTCCAGCTGCTGGTTCTCCTGTTCCAGACGCTGGATCTCCTCTTTCAGACGCTCGTTCTTaggAgaagagcTGCCTCAATCTAGTCTTCATTCGCAGACCTAGCCGGATCGACCGTGCTACCGTTTCCGTAAGCCGAAACCGGAGAGCAAGAGGGCGTCATCTACGGCTCGGCAAC
>GCN4_rev-C3,TCGCGGAGTTGAGGTTTAgcgttcgcccaccagttttttcaggcgtgccacttcgttttccagatgatagtttttgctcagcagttcttccactttatcttccagctgtttcatgcgaggAgaagagcTGCCTCAATCTAGTCTTCATTCGCAGACCTAGCCGGATCGACCGTGCTACCGTTTCCGTAAGCCGAAACCGGAGAGCAAGACTACGGCTCGGCAAC
